filename,canidate,has_python2_module,has_python3_module,trove_python3
python3-stdlib-extensions_3.4.3-1.json,,,has_python3_module,
python-peak.rules_0.5a1+r2707-1.json,,has_python2_module,,
python-pytils_0.3-1.json,,has_python2_module,has_python3_module,
python-ctypeslib_0.0.0+svn20100125-4.json,,,,
python-levenshtein_0.11.2-2.json,,has_python2_module,has_python3_module,trove_python3
python-distutils-extra_2.38-1.json,,has_python2_module,has_python3_module,
python-poppler_0.12.1-8.1.json,,has_python2_module,,
pywebdav_0.9.8-9.json,,has_python2_module,,
pyme_1:0.8.1-2.json,,,,
python-graph_1.8.2-6.json,,has_python2_module,has_python3_module,
python-carrot_0.10.7-1.json,,,,
python-dhm_0.6-3.json,,,,
pytimechart_1.0.0~rc1-3.2.json,,,,
python-mailer_0.7-1.json,,,,
python-medusa_1:0.5.4-7.json,,,,
python-wxmpl_2.0.0-2.1.json,,has_python2_module,,
python-osd_0.2.14-6.json,,has_python2_module,,
pytango_8.1.5-1.json,,has_python2_module,has_python3_module,trove_python3
python-django_1.7.7-1.json,,has_python2_module,has_python3_module,trove_python3
python-daap_0.7.1-3.json,,,,
python-gudev_147.2-3.json,,has_python2_module,,
pytest_2.6.3-2.json,,has_python2_module,has_python3_module,
pyfribidi_0.11.0+repack-1.json,,has_python2_module,,
pyyaml_3.11-2.json,,has_python2_module,has_python3_module,trove_python3
python-musicbrainz2_0.7.4-1.json,,has_python2_module,,
pycallgraph_1.0.1-1.json,canidate,has_python2_module,,trove_python3
python-tcpwrap_0.2-2.2.json,,has_python2_module,,
python-avc_0.8.3-1.1.json,,has_python2_module,,
pydicom_0.9.8-1.json,canidate,has_python2_module,,trove_python3
pythondialog_3.2.0-2.json,,,has_python3_module,trove_python3
pypureomapi_0.3-1.json,,has_python2_module,,
pyacidobasic_2.2-1.json,,has_python2_module,,
python-memcache_1.53+2014.06.08.git.918e88c496-1.json,,has_python2_module,has_python3_module,trove_python3
python-socksipy_1.02-2.json,,has_python2_module,has_python3_module,
pysubnettree_0.23-1.json,,has_python2_module,has_python3_module,
python-recaptcha_1.0.6-1.json,,,,
pyqwt5_5.2.1~cvs20091107+dfsg-7.json,,has_python2_module,,
python-django-extensions_1.3.10-1.json,canidate,has_python2_module,,trove_python3
pyasn1_0.1.7-1.json,,has_python2_module,has_python3_module,trove_python3
python-lamson_1.0pre11-1.json,,,,
python-http-parser_0.8.3-1.json,canidate,has_python2_module,,trove_python3
pymodbus_1.2.0-2.json,,has_python2_module,,
pius_2.0.11-1.json,,,,
python-webob_1.4-2.json,,has_python2_module,has_python3_module,trove_python3
pastewebkit_1.0-7.json,,,,
pycaptcha_0.4-2.json,,has_python2_module,,
python-meld3_1.0.0-1.json,canidate,has_python2_module,,trove_python3
pype_2.9.4-2.json,,,,
python-mecab_0.99.6-1.json,,has_python2_module,,
python-defaults_2.7.9-1.json,,has_python2_module,,
python-geoip_1.3.2-1.json,,has_python2_module,has_python3_module,trove_python3
python-debianbts_1.12.json,,has_python2_module,,
pandas_0.15.1+git125-ge463818-1.json,,has_python2_module,has_python3_module,trove_python3
pandas_0.14.1-2.json,,has_python2_module,has_python3_module,trove_python3
pandas_0.15.0-2.json,,has_python2_module,has_python3_module,trove_python3
pymecavideo_6.1a-1.json,,has_python2_module,,
pykcs11_1.3.0-1.json,,,has_python3_module,
python-repoze.who-plugins_20090913-2.json,,has_python2_module,,
python-django-south_1.0-0.1.json,canidate,has_python2_module,,trove_python3
pyside-tools_0.2.15-1.json,,,,
python-chameleon_2.16-4.json,,has_python2_module,has_python3_module,trove_python3
python-lepl_5.1.3-2.json,,has_python2_module,has_python3_module,trove_python3
python-pysnmp4_4.2.5-1.json,,has_python2_module,has_python3_module,trove_python3
pyepr_0.8.2-1.json,,has_python2_module,has_python3_module,trove_python3
python-uniconvertor_1.1.4-1.json,,,,
pyexiv2_0.3.2-7.json,,has_python2_module,,
python-smbpasswd_1.0.1-1.2.json,,,,
python-irclib_0.4.8-1.1.json,,has_python2_module,,
pythonmagick_0.9.11-1.json,,has_python2_module,,
pythonmagick_0.9.11-2.json,,has_python2_module,,
python-utmp_0.8+nmu1.json,,,,
python-adodb_2.10-1.1.json,,has_python2_module,,
python2.7_2.7.9-2.json,,,,
python-logging-extra_0.1.3-1.1.json,,,,
python-fudge_1.0.3-3.json,,has_python2_module,has_python3_module,trove_python3
python-fftw_0.2.2-1.json,,has_python2_module,,
pykde4_4:4.14.0-1.json,,has_python2_module,has_python3_module,
pyparallel_0.2-7.json,,,,
python-testtools_0.9.39-1.json,,has_python2_module,has_python3_module,trove_python3
python-cjson_1.1.0-1.json,,has_python2_module,,
python3-dateutil_2.0+dfsg1-1.json,,,has_python3_module,
python-id3_1.2-6.2.json,,,,
python-mimeparse_0.1.4-1.json,,has_python2_module,has_python3_module,trove_python3
python-support_1.0.15.json,,has_python2_module,,
pycxx_6.2.5-3.json,,has_python2_module,has_python3_module,
pdfposter_0.6.0-2.json,,,,
py-radix_0.5-3.json,,,,
python-protobuf.socketrpc_1.3.2-3.json,,has_python2_module,,
python-xmp-toolkit_2.0.1~git20140309.5437b0a-1.json,,has_python2_module,has_python3_module,trove_python3
python-repoze.what-plugins_20090531-3.json,,has_python2_module,,
pyppd_1.0.2-2.json,,,,
python-minimock_1.2.7-1.json,,has_python2_module,,
pyfiglet_0.7.2+dfsg-1.json,,has_python2_module,has_python3_module,trove_python3
python-django-threadedcomments_0.9.0-1.json,,has_python2_module,,
python-fabio_0.1.4-1.json,,has_python2_module,,
python-mysqldb_1.2.3-2.1.json,,has_python2_module,,
python-sfml_1.5.1.is.1.3+dfsg-1.json,,has_python2_module,has_python3_module,
python-pefile_1.2.10.139-1.json,,has_python2_module,,
pyhamcrest_1.8.0-1.json,,has_python2_module,has_python3_module,trove_python3
pycha_0.7.0-2.json,,has_python2_module,,
parallelpython_1.6.4-1.json,,has_python2_module,,
pyabiword_0.8.0-11.json,,has_python2_module,,
python-pika_0.9.14-1.json,,has_python2_module,,
python-jswebkit_0.0.3-2.json,,,,
python-feedvalidator_0~svn1022-2.json,,,,
pyparsing_2.0.3+dfsg1-1.json,,has_python2_module,has_python3_module,trove_python3
python-prowlpy_0+20100211.92df046-1.json,,,,
python-tornado_3.2.2-1.1.json,,has_python2_module,has_python3_module,trove_python3
python-dingus_0.3.4-1.json,,has_python2_module,,
python-pyds9_1.7-1.json,,has_python2_module,,
python-pypdf_1:1.13-2.json,,has_python2_module,,
python-pyhsm_1.0.4k-3.json,,has_python2_module,,
python-mod-pywebsocket_0.7.9-1.json,,has_python2_module,,
pydoubles_1.4-2.json,,has_python2_module,,
python-contract_1.4-4.json,,has_python2_module,,
python-krbv_1.0.90-1.json,,has_python2_module,,
python-cssselect_0.9.1+git90c72b0-1.json,,has_python2_module,has_python3_module,trove_python3
python-dsv_1.4.1-3.json,,has_python2_module,,
python-setproctitle_1.1.8-1.json,,has_python2_module,has_python3_module,trove_python3
python-bitbucket_0.1-1.json,,has_python2_module,,
python-qrencode_1.01-4.json,,has_python2_module,,
python-libpcap_0.6.4-1.json,,has_python2_module,,
python-qt4_4.11.2+dfsg-1.json,,has_python2_module,has_python3_module,
python-omniorb_3.6-1.json,,has_python2_module,,
python-geoclue_0.1.0-4.json,,,,
python-nids_0.6.1-1.json,,,,
python-ipcalc_0.3-1.json,,,,
python-progressbar_2.3-1.json,,has_python2_module,has_python3_module,trove_python3
python-w3lib_1.5-1.json,,has_python2_module,has_python3_module,trove_python3
pyjavaproperties_0.6-2.json,,has_python2_module,,
python-psutil_2.1.1-1.json,,has_python2_module,has_python3_module,trove_python3
python-pyxattr_0.5.3-1.json,,has_python2_module,has_python3_module,
python-whisper_0.9.12-1.json,,has_python2_module,,
python-lzo_1.08-1.json,,has_python2_module,,
paramiko_1.15.1-1.json,,has_python2_module,has_python3_module,trove_python3
python-oauthlib_0.6.3-1.json,,has_python2_module,has_python3_module,trove_python3
python-gevent_1.0.1-2.json,,has_python2_module,,
python-django-rosetta_0.7.2-1.json,,has_python2_module,,
python-couchdb_0.10-1.1.json,canidate,has_python2_module,,trove_python3
python-django-treebeard_2.0~beta1-4.json,canidate,has_python2_module,,trove_python3
python-application_1.4.1-1.json,,has_python2_module,,
python-pychart_1.39-7.json,,,,
python-yenc_0.4.0-1.json,,has_python2_module,,
python-numpy_1:1.8.2-2.json,,has_python2_module,has_python3_module,trove_python3
python-pylibacl_0.5.2-1.json,,has_python2_module,has_python3_module,
python-iniparse_0.4-2.1.json,,,,
python-macaron_0.3.1-1.json,,has_python2_module,,
python-xmpp_0.4.1-cvs20080505.4.json,,has_python2_module,,
python-eventlet_0.13.0-2.json,,has_python2_module,,
pywapi_0.3.6-1.json,,has_python2_module,has_python3_module,
pylast_1.0.0-1.json,,has_python2_module,has_python3_module,trove_python3
python-gitdb_0.5.4-1.json,,has_python2_module,,
python-snappy_0.5-1.json,canidate,has_python2_module,,trove_python3
python-venusian_1.0a8-2.json,,has_python2_module,has_python3_module,trove_python3
python-pytyrant_1.1.17-1.json,,,,
python-mode_1:6.1.3-2.json,,has_python2_module,,
pyx_0.12.1-3.json,,has_python2_module,,
python-keystoneclient_1:0.10.1-2.json,,has_python2_module,,
pygtkmvc_1.99.1-1.json,,,,
python-django-contact-form_0+hg65-1.json,canidate,has_python2_module,,trove_python3
python-crypto_2.6.1-5.json,,has_python2_module,has_python3_module,trove_python3
python-whoosh_2.5.7-3.json,,has_python2_module,has_python3_module,trove_python3
python-anyjson_0.3.3-1.json,,has_python2_module,has_python3_module,trove_python3
python-testscenarios_0.4-3.json,,has_python2_module,has_python3_module,trove_python3
python-sqlite_1.0.1-11.json,,has_python2_module,,
python-dpkt_1.6+svn54-1.json,,,,
python-repoze.sphinx.autointerface_0.6.2-2.json,,has_python2_module,,
python-simpy_2.3.1-1.json,,has_python2_module,has_python3_module,trove_python3
python-whiteboard_1.0+git20140207-0.1.json,,has_python2_module,,
python-bibtex_1.2.7-1.json,,has_python2_module,,
python-larch_1.20131130-1.json,,has_python2_module,,
python-demjson_2.2.2-1.json,,has_python2_module,has_python3_module,trove_python3
python-kinterbasdb_3.3.0-3.json,,has_python2_module,,
python-aiml_0.8.6-2.json,,has_python2_module,,
pyexcelerator_0.6.4.1-2.json,,has_python2_module,,
python-babel_1.3+dfsg.1-5.json,,has_python2_module,has_python3_module,trove_python3
python-xattr_0.6.4-3.json,,has_python2_module,,
python-pyalsa_1.0.26-1.json,,has_python2_module,,
python-iplib_1.1-3.json,,,,
phenny_2~hg28-2.json,,,,
python-dexml_0.5.1-1.json,,has_python2_module,has_python3_module,trove_python3
python-configglue_1.0-1.json,,,,
python-iso8601_0.1.10-1.json,,has_python2_module,has_python3_module,trove_python3
pylibmc_1.2.3-1.json,,has_python2_module,,
python-pyproj_1.8.9-1.1.json,,has_python2_module,has_python3_module,
python-formencode_1.2.6-2.json,,has_python2_module,,
python-ldap_2.4.10-1.json,,has_python2_module,,
pybluez_0.20-1.json,,has_python2_module,,
python-django-feincms_1.7.4-1.json,,has_python2_module,,
python-webflash_0.1a9-5.json,,has_python2_module,,
python-scriptutil_1-1.json,,,,
python-reportlab_3.1.8-3.json,,has_python2_module,has_python3_module,
pyxdg_0.25-4.json,,has_python2_module,has_python3_module,trove_python3
python-llfuse_0.40+dfsg-1.json,,has_python2_module,has_python3_module,
poker-engine_1.3.6-1.2.json,,has_python2_module,,
python-notify2_0.3-3.json,,has_python2_module,has_python3_module,trove_python3
pyramid-beaker_0.6.1+ds1-1.json,,has_python2_module,,
python-regex_0.1.20141024-3.json,,has_python2_module,has_python3_module,trove_python3
python-poppler-qt4_0.16.3-2.json,,has_python2_module,,
planet-venus_0~git9de2109-3.json,,,,
python-flickrapi_1.2-3.1.json,,has_python2_module,,
python-dmidecode_3.10.13-3.json,,has_python2_module,,
python-xlrd_0.9.2-1.json,,has_python2_module,has_python3_module,trove_python3
python-shapely_1.4.3-1.json,,has_python2_module,has_python3_module,trove_python3
python-lightblue_0.3.2-3.json,,has_python2_module,,
python-gnatpython_54-3.json,,has_python2_module,,
pydap_2.2.6.7-2.json,,has_python2_module,,
pygpiv_2.0.0-4.2.json,,has_python2_module,,
python3-defaults_3.4.2-2.json,,,has_python3_module,
pydirector_1.0.0-2.json,,,,
python-textile_1:2.1.5-1.json,,,,
pytracer_0.2.3-1.json,,,,
python-clint_0.4.1-1.json,,has_python2_module,has_python3_module,trove_python3
pygtksourceview_2.10.1-2.json,,,,
python-enable_4.3.0-2.json,,has_python2_module,,
python-nemu_0.2-1.json,,has_python2_module,,
pam-python_1.0.4-1.json,,,,
python-pysolr_3.2.0-1.json,canidate,has_python2_module,,trove_python3
python-pytc_0.8-2.json,,has_python2_module,,
python-popcon_1.1.json,,,,
python-xklavier_0.4-4.json,,has_python2_module,,
python-byteplay_0.2-2.json,,has_python2_module,,
python-quantities_0.10.1-1.json,,has_python2_module,,
python-pyface_4.4.0-2.1.json,,has_python2_module,,
python-django-mptt_0.6.1-1.json,,has_python2_module,has_python3_module,trove_python3
python-iso8583_1.1-2.json,,has_python2_module,,
python-django-tinymce_1.5-3.json,,,,
python-gnutls_2.0.1-2.json,,has_python2_module,,
python-wordpress-library_1.1-1.json,,has_python2_module,,
py-postgresql_1.1.0-2.json,,,has_python3_module,
pyrrd_0.1.0-2.json,,has_python2_module,,
python-bloomfilter_1.0.3-2.json,,,,
python-django-djapian_2.3.1-3.json,,,,
pep8_1.5.7-2.json,,,has_python3_module,trove_python3
python-igraph_0.6.5-1.json,,has_python2_module,,
python-lua_0.3-1.json,,has_python2_module,,
pyxnat_0.9.0~dev0-1.1.json,,has_python2_module,,
python-pyasn1-modules_0.0.5-0.1.json,,has_python2_module,has_python3_module,trove_python3
pyfits_1:3.3-2.json,,has_python2_module,has_python3_module,
python-pyramid-tm_0.5-1.json,canidate,has_python2_module,,trove_python3
python-werkzeug_0.9.6+dfsg-1.json,,has_python2_module,has_python3_module,trove_python3
python-pmw_1.3.2-6.json,,,,
python-pdftools_0.37-3.json,,,,
python-pyo_0.7-2.1.json,,has_python2_module,,
python-messaging_0.5.11+debian-1.json,canidate,,,trove_python3
python-couchdbkit_0.6.5-1.json,,has_python2_module,,
python-oauth_1.0.1-4.json,,has_python2_module,has_python3_module,
python-gasp_0.3.4-1.json,,,,
python-unipath_0.2.1+dfsg-1.json,,has_python2_module,,
pyro_1:3.14-1.2.json,,,,
pyicu_1.8-1.json,,has_python2_module,has_python3_module,trove_python3
python-concurrent.futures_2.2.0-1.json,canidate,has_python2_module,,trove_python3
python-traitsui_4.4.0-1.3.json,,has_python2_module,,
polib_1.0.6-1.json,,has_python2_module,has_python3_module,trove_python3
pyquery_1.2.4-1.json,canidate,has_python2_module,,trove_python3
python-fs_0.4.0-2.json,,has_python2_module,,
python-scipy_0.14.1-1.json,,has_python2_module,has_python3_module,trove_python3
pygpgme_0.3-1.json,,has_python2_module,has_python3_module,trove_python3
pygpgme_0.2-3.json,,has_python2_module,,
python-augeas_0.4.1-2.json,,has_python2_module,,
python-tempita_0.5.2-1.json,,has_python2_module,has_python3_module,trove_python3
pycalendar_2.0~svn13177-2.json,,has_python2_module,,
python-soaplib_0.8.1-2.json,,,,
python-easygui_0.96-3.json,,has_python2_module,has_python3_module,
pyth_0.6.0-1.json,,has_python2_module,,
python-django-extdirect_0.10-1.json,,has_python2_module,,
python-cups_1.9.63-1.json,,has_python2_module,,
pyjunitxml_0.6-1.1.json,,has_python2_module,has_python3_module,
python-geohash_0.8.3-1.json,,,,
python-gnuplot_1.8-5.json,,has_python2_module,,
python-passlib_1.6.1-1.3.json,,has_python2_module,has_python3_module,trove_python3
pytables_3.1.1-3.json,,has_python2_module,has_python3_module,trove_python3
python-scientific_2.9.4-3.json,,has_python2_module,,
python-jsonschema_2.3.0-1.json,,has_python2_module,has_python3_module,trove_python3
python-pygraphviz_1.3~rc2-1.json,,has_python2_module,,
python-fuse_2:0.2.1-10.json,,has_python2_module,,
python-repoze.what_1.0.9-5.json,,has_python2_module,,
pygresql_1:4.0-3.1.json,,has_python2_module,,
python-django-tagging_1:0.3.1-4.json,,has_python2_module,,
python-setupdocs_1.0.5-3.json,,,,
pycairo_1.8.8-1.json,,,,
pyscript_0.6.1-4.json,,has_python2_module,,
python-secretstorage_2.1.1-1.json,,has_python2_module,has_python3_module,trove_python3
python-socketpool_0.5.3-1.json,canidate,has_python2_module,,trove_python3
pyodbc_3.0.6-2.json,canidate,has_python2_module,,trove_python3
python-xlib_0.14+20091101-1.json,,,,
python-axiom_0.7.1-2.json,,has_python2_module,,
python-sptest_0.2.1-2.json,,,,
pivy_0.5.0~v609hg-3.json,,has_python2_module,,
python-unicodecsv_0.9.4-1.json,,has_python2_module,,
pyxmpp_1.1.2-1.json,,has_python2_module,,
pycountry_1.8+ds1-0.1.json,,has_python2_module,has_python3_module,
pymtp_0.0.6-1.json,,has_python2_module,,
pykickstart_1.83-2.json,,has_python2_module,,
python-virtualenv_1.11.6+ds-1.json,,has_python2_module,has_python3_module,trove_python3
python-repoze.who_1.0.18-4.json,,has_python2_module,,
python-coverage-test-runner_1.8-1.json,,has_python2_module,,
python-biopython_1.63-1.json,,has_python2_module,,
python-biopython_1.64+dfsg-5.json,,has_python2_module,has_python3_module,
python-webunit_1:1.3.10-2.json,,has_python2_module,,
pydoctor_0.5+bzr616-1.json,,has_python2_module,,
python-repoze.lru_0.6-5.json,,has_python2_module,has_python3_module,trove_python3
pyew_2.0-3.json,,,,
python-djvulibre_0.3.9-3.json,,has_python2_module,has_python3_module,trove_python3
python-traits_4.4.0-1.json,,has_python2_module,,
pyspread_0.4-2.json,,,,
python-cobe_2.1.0-2.json,,has_python2_module,,
python-aalib_0.3-1.json,,has_python2_module,has_python3_module,trove_python3
pastedeploy_1.5.2-1.json,,has_python2_module,has_python3_module,trove_python3
pyparted_3.10.0-1.1.json,,has_python2_module,has_python3_module,
python-urllib3_1.9.1-3.json,,has_python2_module,has_python3_module,trove_python3
python-repoze.tm2_2.0-1.json,,has_python2_module,has_python3_module,trove_python3
python-jenkinsapi_0.2.16-2.json,,has_python2_module,,
pyclamd_0.3.9-2.json,,has_python2_module,has_python3_module,
python-twitter_1.1+git20131227-2.json,,has_python2_module,,
python-coverage_3.7.1+dfsg.1-1.json,,has_python2_module,has_python3_module,trove_python3
python-visual_1:5.12-1.6.json,,has_python2_module,,
pygtk_2.24.0-4.json,,has_python2_module,,
pywebkitgtk_1.1.8-3.json,,has_python2_module,,
python-daemon_1.5.5-1.json,,,,
python-django-shorturls_1.0.1-3.json,,has_python2_module,,
python-biom-format_2.1+dfsg-1.json,,has_python2_module,,
python-django-websocket_0.3.0-3.json,,,,
python-soappy_0.12.22-1.json,,has_python2_module,,
pyudev_0.16.1-2.json,,has_python2_module,has_python3_module,trove_python3
pycparser_2.10+dfsg-3.json,,has_python2_module,has_python3_module,trove_python3
python-pyrss2gen_1.1-1.json,,has_python2_module,has_python3_module,
python-dns_2.3.6-3.json,,has_python2_module,,
python-simplemediawiki_1.0.2-2.json,,has_python2_module,,
python-ucltip_0.7.1-1.json,,has_python2_module,,
python-nmap_0.3.4-2.json,,has_python2_module,has_python3_module,
pudb_2015.1-1.json,,has_python2_module,has_python3_module,trove_python3
python-cogent_1.5.3-2.json,,has_python2_module,,
python-apptools_4.2.1-1.json,,has_python2_module,,
pyke_1.1.1-5.json,,has_python2_module,,
python-apt_0.9.3.11.json,,has_python2_module,has_python3_module,
python-netaddr_0.7.12-2.json,,has_python2_module,has_python3_module,
python-ethtool_0.11-2.json,,has_python2_module,,
python-keyczar_0.71d-09062013-2.json,,has_python2_module,,
pexpect_3.2-1.json,,has_python2_module,has_python3_module,trove_python3
pymongo_2.7.2-1.json,,has_python2_module,has_python3_module,trove_python3
python-leveldb_0~svn68-2.json,,has_python2_module,has_python3_module,trove_python3
python-enthoughtbase_3.1.0-2.json,,,,
python-txosc_0.2.0-2.json,,has_python2_module,,
python-pgmagick_0.5.8-1.json,canidate,has_python2_module,,trove_python3
python-authkit_0.4.3-2.json,,has_python2_module,,
pyspf_2.0.11-1.json,,has_python2_module,has_python3_module,trove_python3
python-poster_0.8.1-0.1.json,,has_python2_module,,
py3cairo_1.10.0+dfsg-4.json,,,has_python3_module,
python-docutils_0.12+dfsg-1.json,,has_python2_module,has_python3_module,trove_python3
python-netfilter_0.5.9-1.json,,has_python2_module,,
pymssql_1.0.2+dfsg-1.json,,,,
pygccxml_1.0.0-4.json,,,,
python-scrapy_0.24.2-1.json,,has_python2_module,,
python-mhash_1.4-1.json,,,,
pyflakes_0.8.1-1.json,canidate,,,trove_python3
pyzmq_14.4.0-1.json,,has_python2_module,has_python3_module,trove_python3
python-prctl_1.1.1-1.1.json,,has_python2_module,,
python-fixtures_0.3.14-1.1.json,,has_python2_module,has_python3_module,trove_python3
python-ttystatus_0.23-1.json,,has_python2_module,,
python-glpk_0.4.52-1.1.json,,has_python2_module,,
pyinotify_0.9.5-1.json,,has_python2_module,has_python3_module,trove_python3
python-cloudfiles_1.7.11-3.json,,has_python2_module,,
python-pypm_0.0.7-8.json,,has_python2_module,,
pymvpa2_2.3.1-1.json,,has_python2_module,,
pymvpa2_2.3.1-2.json,,has_python2_module,,
python-ase_3.8.1.3440-0.1.json,,has_python2_module,,
python-markdown_2.5.1-2.json,,has_python2_module,has_python3_module,trove_python3
pysendfile_2.0.0-6.json,canidate,has_python2_module,,trove_python3
pyglet_1.1.4.dfsg-2.json,,,,
pydhcplib_0.6.2-3.json,,has_python2_module,,
pysatellites_2.1-1.json,,has_python2_module,,
pymvpa_0.4.8-3.json,,has_python2_module,,
pygoocanvas_0.14.1-1.json,,,,
python-exif_1.4.2-3.json,,has_python2_module,,
pyatspi_2.14.0+dfsg-1.json,,has_python2_module,has_python3_module,
python-jsonrpc2_0.3.2-4.json,,has_python2_module,,
python-espeak_0.5-1.json,,has_python2_module,has_python3_module,
python-enum_0.4.4-2.json,,has_python2_module,,
python-gearman_2.0.2-2.json,,,,
pyip_0.7-2.json,,has_python2_module,,
python-amqplib_1.0.2-1.json,,has_python2_module,has_python3_module,trove_python3
python-facebook_0.svn20100209-3.json,,,,
pyhoca-gui_0.5.0.3-1.json,,,,
pytest-xdist_1.8-0.1.json,canidate,has_python2_module,,trove_python3
python-cherrypy_2.3.0-4.json,,has_python2_module,,
pisa_3.0.32-2.json,,has_python2_module,,
python-phoneutils_0.1+git20100219-1.json,,,,
python-unac_1.7.0-1.json,,,,
python-pam_0.4.2-13.1.json,,has_python2_module,,
python-gd_0.58-1.json,,has_python2_module,,
python-mechanize_1:0.2.5-3.json,,has_python2_module,,
python-flexmock_0.9.7-1.json,,has_python2_module,has_python3_module,
python-hl7_0.3.2-1.json,canidate,has_python2_module,,trove_python3
python-django-formfieldset_0+git20090520-621cb58-1.json,,,,
python-csa_0.1.0-1.1.json,,has_python2_module,,
python-apsw_3.8.6-r1-1.json,,has_python2_module,has_python3_module,trove_python3
pysvn_1.7.8-1.json,,has_python2_module,,
python-mongoengine_0.6.13-2.json,,has_python2_module,,
python-pysnmp4-apps_0.3.2-1.json,canidate,has_python2_module,,trove_python3
python-async_0.6.1-1.json,,has_python2_module,,
pywavelets_0.2.2-2.json,,has_python2_module,,
pychm_0.8.4.1-1.json,,has_python2_module,,
python-dateutil_2.2-2.json,,has_python2_module,has_python3_module,trove_python3
python-mock_1.0.1-3.json,,has_python2_module,has_python3_module,trove_python3
pypy_2.4.0+dfsg-3.json,,has_python2_module,,
python-git_0.3.2~RC1-3.json,,has_python2_module,,
python-tz_2012c+dfsg-0.1.json,,has_python2_module,has_python3_module,trove_python3
python-chaco_4.4.1-1.2.json,,has_python2_module,,
pyserial_2.6-1.1.json,,has_python2_module,has_python3_module,trove_python3
python-stdnum_1.0-1.json,,has_python2_module,has_python3_module,
python-old-doctools_2.5.5-2.1.json,,has_python2_module,,
python-keyring_4.0-1.json,,has_python2_module,has_python3_module,trove_python3
python-pyftpdlib_1.2.0-1.json,canidate,has_python2_module,,trove_python3
python-box2d_2.0.2+svn20100109.244-1.json,,,,
pyrad_2.0-2.json,canidate,has_python2_module,,trove_python3
python-pyramid_1.5.1+dfsg-2.json,,has_python2_module,has_python3_module,trove_python3
pyenchant_1.6.6-2.json,,has_python2_module,has_python3_module,trove_python3
pymacs_0.25-1.json,,,,
parsedatetime_1.4-1.json,canidate,has_python2_module,,trove_python3
python-vsgui_0.3.3-1.json,,has_python2_module,,
pycryptopp_0.6.0.20120313-1.json,,has_python2_module,,
pygments_2.0.1+dfsg-1.1.json,,has_python2_module,has_python3_module,trove_python3
pylint_1.3.1-3.json,,,,
python-gflags_1.5.1-2.json,,has_python2_module,has_python3_module,
python-edbus_0.5.0+r49577-1.json,,,,
python-mox_0.5.3-3.json,,has_python2_module,,
pystemmer_1.3.0+dfsg-1.json,,has_python2_module,has_python3_module,trove_python3
python-vobject_0.8.1c-4.json,,,,
python-gvgen_0.9-2.json,,,,
py3dns_3.1.0-1.json,,,has_python3_module,trove_python3
pcapy_0.10.8-1.json,,,,
pyqwt3d_0.1.7~cvs20090625-13.json,,has_python2_module,,
python-gdata_2.0.18+dfsg1-2.json,,has_python2_module,,
python-passfd_0.2-1.json,,has_python2_module,,
python-django-piston_0.2.3-2.json,,has_python2_module,,
python-roman_2.0.0-1.json,,has_python2_module,has_python3_module,trove_python3
python-lzma_0.5.3-2.json,,,,
pyentropy_0.4.1-1.json,,has_python2_module,,
python-iowait_0.1-1.1.json,canidate,,,trove_python3
pylibravatar_1.6-3.json,,has_python2_module,has_python3_module,trove_python3
pysesame_0.24-4.json,,has_python2_module,,
pylogsparser_0.4-1.json,,has_python2_module,,
pythontracer_8.10.16-1.1.json,,,,
pyprotocols_1.0a.svn20070625-7.json,,has_python2_module,,
python-pymetar_0.19-1.json,,has_python2_module,,
python-ipaddr_2.1.11-2.json,,has_python2_module,,
python-yubico_1.1.0-2.json,,has_python2_module,,
python-networkx_1.9+dfsg1-1.json,,has_python2_module,has_python3_module,
pygrace_0.4p2-3.json,,has_python2_module,,
pyusb_0.4.3-1.json,,has_python2_module,,
python-django-debug-toolbar_1:1.2.1-2.json,,has_python2_module,has_python3_module,trove_python3
python-decorator_3.4.0-2.json,,has_python2_module,has_python3_module,trove_python3
pygobject_3.14.0-1.json,,has_python2_module,has_python3_module,
python-trml2pdf_1.2-3.json,,has_python2_module,,
python-redis_2.10.3-2.json,,has_python2_module,has_python3_module,trove_python3
python-fcgi_19980130-1.json,,has_python2_module,,
pyhoca-cli_0.5.0.1-1.json,,,,
python-elements_0.13+svn20090823.230+dfsg-2.json,,,,
python-demgengeo_1.0-2.json,,has_python2_module,,
python-xmltv_1.3-2.json,,has_python2_module,,
pyimport-relative_0.1.0-2.json,,,,
python-cpl_0.6.2-4.json,,has_python2_module,,
python-formalchemy_1.4.2-1.json,,has_python2_module,,
pywbem_0.8.0~dev650-1.json,,has_python2_module,,
python-pysqlite1.1_1.1.8a-8.json,,has_python2_module,,
python-pyramid-zcml_1.0.0-1.json,canidate,has_python2_module,,trove_python3
paste_1.7.5.1-6.json,,has_python2_module,has_python3_module,
python-mrjob_0.3.3.2-1.json,,has_python2_module,,
python-pywcs_1.12-1.json,,has_python2_module,,
python-gmpy_1.15-1.json,canidate,has_python2_module,,trove_python3
python-x2go_0.5.0.1-3.json,,has_python2_module,,
python-unshare_0.1-2.json,,has_python2_module,,
python-cliapp_1.20140719-1.json,,has_python2_module,,
ply_3.4-5.json,,has_python2_module,has_python3_module,trove_python3
python-slimmer_0.1.30-6.json,,has_python2_module,has_python3_module,
pyscard_1.6.12.1-5.json,,has_python2_module,,
python-lockfile_1:0.8-2.json,canidate,,,trove_python3
python-jpype_0.5.4.2-3.json,,has_python2_module,,
python-smmap_0.8.2-2.json,,has_python2_module,,
python-sunlight_1.1.5-1.json,,has_python2_module,has_python3_module,
python-django-registration_1.0+dfsg-2.json,,has_python2_module,,
python-gtkglext1_1.1.0-9.1.json,,has_python2_module,,
python-envisage_4.4.0-1.json,,has_python2_module,,
python-greenlet_0.4.0-2.json,canidate,has_python2_module,,trove_python3
python-greenlet_0.4.5-1.json,,has_python2_module,has_python3_module,trove_python3
python-greenlet_0.4.2-1.json,,has_python2_module,has_python3_module,trove_python3
pymtbl_0.2-1.json,,has_python2_module,,
pyrex_0.9.8.5-2.1.json,,has_python2_module,,
python-openid_2.2.5-6.json,,has_python2_module,,
python-whois_0.7-3.json,,has_python2_module,has_python3_module,trove_python3
python-cddb_1.4-5.1.json,,,,
python-sponge_0.3.1-1.json,,,,
pygooglechart_0.3.0-1.json,,,,
python-torctl_20130920git-2.json,,has_python2_module,,
python-nss_0.15.0-1.json,,has_python2_module,,
pyshp_1.2.1-1.json,,has_python2_module,has_python3_module,
python-launchpadlib_1.10.2+ds-2.json,,has_python2_module,,
python-tgext.admin_0.2.6-3.json,,has_python2_module,,
pysparse_1.1-1.3.json,,has_python2_module,,
python-pysnmp4-mibs_0.1.3-1.json,canidate,has_python2_module,,trove_python3
pyevolve_0.6~rc1+svn398+dfsg-6.json,,has_python2_module,,
python-peak.util_20110909-1.json,,has_python2_module,,
pebl_1.0.2-2.json,,,,
python-enet_0.0~svn24-1.json,,has_python2_module,,
python-wadllib_1.3.2-3.json,,has_python2_module,has_python3_module,trove_python3
pyfltk_1.3.0-1.json,,has_python2_module,,
python-novaclient_2:2.18.1-1.json,,has_python2_module,,
python-midiutil_0.87-3.json,,has_python2_module,,
prettytable_0.7.2-3.json,,has_python2_module,has_python3_module,trove_python3
pygdchart2_0.beta1-3.4.json,,,,
python-django-voting_0.2-1.json,,has_python2_module,,
python-toscawidgets_0.9.7.2-3.json,,has_python2_module,,
python-cluster_1.1.1b3-1.json,,,,
python-weberror_0.10.3+dfsg-1.json,,has_python2_module,,
pylibssh2_1.0.0-1.1.json,,has_python2_module,,
python-pyaudio_0.2.8-1.json,,has_python2_module,has_python3_module,
pastescript_1.7.5-3.json,,has_python2_module,,
python-htmltmpl_1.22-10.json,,,,
python-gnupg_0.3.6-1.json,,has_python2_module,has_python3_module,trove_python3
python-stdlib-extensions_2.7.9-1.json,,has_python2_module,,
pyside_1.2.2-1.json,,has_python2_module,has_python3_module,
python-pip_1.5.6-5.json,,has_python2_module,has_python3_module,trove_python3
python-html2text_2014.9.25-1.json,,has_python2_module,has_python3_module,trove_python3
pesto_25-1.json,,has_python2_module,,
pylirc_0.0.5-3.json,,,,
python-stompy_0.2.9-1.json,,,,
python-boto_2.34.0-2.json,,has_python2_module,has_python3_module,trove_python3
pystatgrab_0.5-4.json,,has_python2_module,,
python-fastimport_0.9.4-3.json,,has_python2_module,,
python-bottle_0.12.7-1.json,,has_python2_module,has_python3_module,trove_python3
pdfminer_20110515+dfsg-1.json,,,,
python-tidylib_0.2.1~dfsg-2.json,,has_python2_module,,
pylibtiff_0.3.0~svn78-3.1.json,,has_python2_module,,
pytools_2014.3-2.json,,has_python2_module,has_python3_module,
pyxid_1.0-1.json,,,,
python-unit_1.4.1-16.1.json,,has_python2_module,,
python-ptrace_0.7-1.json,canidate,has_python2_module,,trove_python3
pynn_0.7.4-1.json,,has_python2_module,,
python-opster_4.1-1.json,,has_python2_module,,
python-weblib_1.3.9-1.json,,has_python2_module,,
python-cdo_1.2.1-7.json,,has_python2_module,has_python3_module,
python-restkit_4.2.2-1.json,,has_python2_module,,
python-pqueue_0.2-7.2.json,,has_python2_module,,
pysurfer_0.5-1.json,,has_python2_module,,
python-tracing_0.8-1.json,,has_python2_module,,
python-bsddb3_6.1.0-1.json,,has_python2_module,has_python3_module,
python-buzhug_1.8-2.json,,has_python2_module,,
python-translationstring_1.1-4.json,,has_python2_module,has_python3_module,trove_python3
pysmbc_1.0.15.1-0.1.json,,has_python2_module,,
pysmbc_1.0.15.3-0.2.json,,has_python2_module,,
pykerberos_1.1.5-0.1.json,,has_python2_module,has_python3_module,trove_python3
python-defer_1.0.6-2.json,,has_python2_module,has_python3_module,
pyplusplus_1.0.0-1.json,,has_python2_module,,
python-neuroshare_0.9.2-1.json,,has_python2_module,,
pymetrics_0.8.1-7.json,,,,
python-kajiki_0.4.4-2.json,,has_python2_module,has_python3_module,trove_python3
python-colorama_0.3.2-1.json,,has_python2_module,has_python3_module,trove_python3
python-mpd_0.3.0-4.json,,has_python2_module,,
pyacoustid_1.1.0-3.json,,has_python2_module,has_python3_module,trove_python3
psycopg2_2.5.4+dfsg-1.json,,has_python2_module,has_python3_module,trove_python3
python-bitarray_0.8.1-1.json,,has_python2_module,has_python3_module,trove_python3
joblib_0.8.3-1.json,,has_python2_module,has_python3_module,trove_python3
jpylyzer_1.13.0-1.json,,has_python2_module,,
jcc_2.20-1.json,,,,
jsonpipe_0.0.8-5.json,,has_python2_module,,
jsonpickle_0.8.0-1.json,,has_python2_module,has_python3_module,trove_python3
jinja2_2.7.3-1.json,,has_python2_module,has_python3_module,trove_python3
jabberbot_0.15-1.json,,has_python2_module,,
jython_2.5.3-3.json,,,,
nibabel_1.3.0-2.json,,has_python2_module,,
nuitka_0.5.5.3+ds-1.json,,,,
netifaces_0.10.4-0.1.json,,has_python2_module,has_python3_module,trove_python3
notify-python_0.1.1-4.json,,has_python2_module,,
nwsserver_2.0.0-2.json,,,,
nwsclient_1.6.4-8.json,,,,
nipy_0.3.0+git262-gbb838d7-1.json,,has_python2_module,,
numexpr_2.4-1.json,,has_python2_module,has_python3_module,
nxt-python_2.2.2-2.json,,has_python2_module,,
numm_0.5-1.json,,has_python2_module,,
nosexcover_1.0.7-1.json,,has_python2_module,,
nitime_0.5-1.json,,has_python2_module,,
nose_1.3.6-1.json,,has_python2_module,has_python3_module,trove_python3
nwdiag_1.0.3-3.json,,has_python2_module,has_python3_module,
brian_1.4.1-2.json,,has_python2_module,,
beautifulsoup4_4.3.2-2.json,,has_python2_module,has_python3_module,trove_python3
blist_1.3.6-3.json,,has_python2_module,has_python3_module,trove_python3
basemap_1.0.7+dfsg-1.json,canidate,has_python2_module,,trove_python3
bookletimposer_0.2-2.json,,,,
bpython_0.12-1.2.json,,,,
bokken_1.6-1.json,,,,
bobo_0.2.2-3.json,,,,
blockdiag_1.4.7-1.json,,has_python2_module,has_python3_module,trove_python3
bjsonrpc_0.2.0-1.json,,,,
utidylib_0.2-9.json,,has_python2_module,,
urwid_1.2.1-2.json,,has_python2_module,has_python3_module,trove_python3
unittest2_0.5.1-1.json,,,,
urlgrabber_3.9.1-4.1.json,,has_python2_module,,
uncertainties_2.4.4-1.json,,has_python2_module,has_python3_module,trove_python3
unidecode_0.04.16-1.json,,has_python2_module,has_python3_module,trove_python3
ufl_1.5.0-1.json,,has_python2_module,,
usbtc08-python_0.1.1-2.json,,,,
ooolib-python_0.0.17-2.1.json,,,,
ocr4gamera_1.2.2-1.json,,has_python2_module,,
obnam_1.8-1.json,,,,
objgraph_1.8.1-1.json,,has_python2_module,has_python3_module,trove_python3
optcomplete_1.2-13.json,,has_python2_module,,
openopt_0.38+svn1589-1.json,,has_python2_module,,
openpyxl_1.7.0+ds1-1.json,canidate,has_python2_module,,trove_python3
qpid-python_0.22+dfsg-1.json,,has_python2_module,,
qpid-qmf_0.16-2.json,,has_python2_module,,
qr-tools_1.4~bzr21-1.json,,has_python2_module,,
htmlgen_2.2.2-12.1.json,,has_python2_module,,
hachoir-metadata_1.3.3-2.json,,has_python2_module,,
hachoir-core_1.3.3-4.json,,has_python2_module,,
hachoir-wx_0.3-3.json,,has_python2_module,,
hachoir-urwid_1.1-3.json,,has_python2_module,,
hachoir-parser_1.3.4-2.json,,has_python2_module,,
html5lib_0.999-3.json,,has_python2_module,has_python3_module,trove_python3
hachoir-regex_1.0.5-2.json,,has_python2_module,,
hachoir-subfile_0.5.3-3.json,,has_python2_module,,
hgnested_0.6-6.json,,,,
horizon_2014.1.3-7.json,,has_python2_module,,
h5py_2.2.1-1.1.json,,has_python2_module,has_python3_module,
libcloud_0.15.1-1.json,,has_python2_module,has_python3_module,trove_python3
cssutils_1.0-2.json,,has_python2_module,has_python3_module,trove_python3
cardstories_1.0.6-1.3.json,,,,
cmd2_0.6.7-2.json,,has_python2_module,has_python3_module,
creoleparser_0.7.4-1.json,,has_python2_module,,
creepy_1.2~alpha-1.json,,,,
coherence_0.6.6.2-8.json,,has_python2_module,,
cython_0.21.1-1.json,canidate,,,trove_python3
configshell_1.5+git0.0827baa6-2.json,,has_python2_module,,
celery_3.1.13-3.json,,has_python2_module,has_python3_module,trove_python3
configobj_5.0.6-1.json,,has_python2_module,has_python3_module,trove_python3
cerealizer_0.8.1-1.json,,has_python2_module,has_python3_module,trove_python3
catwalk_2.0.2-6.json,,has_python2_module,,
cairosvg_1.0.9-1.json,,has_python2_module,has_python3_module,trove_python3
codespeak-lib_1.4.25-1.json,,has_python2_module,has_python3_module,trove_python3
cfflib_2.0.5-1.json,,,,
cmdtest_0.12-1.json,,,,
cpuset_1.5.6-4.json,,,,
commando_0.3.4-1.1.json,,has_python2_module,,
cubictemp_2.0-1.json,,,,
cherrypy3_3.5.0-2.json,,has_python2_module,has_python3_module,trove_python3
connectomeviewer_2.1.0-1.json,,,,
cvxopt_1.1.4-1.3.json,,has_python2_module,,
ckanclient_0.9-1.json,,has_python2_module,,
circuits_2.1.0-2.json,,has_python2_module,has_python3_module,trove_python3
calabash_0.0.3-3.json,,has_python2_module,,
chardet_2.3.0-1.json,,has_python2_module,has_python3_module,trove_python3
txaws_0.2.3-1.json,,has_python2_module,,
trac-icalviewplugin_0.7889-1.1.json,,,,
tagpy_2013.1-4.json,canidate,has_python2_module,,trove_python3
tryton-modules-party-siret_3.4.0-1.json,,,,
tryton-modules-sale-price-list_3.4.0-1.json,,,,
tryton-modules-project-plan_3.4.0-1.json,,,,
tryton-server_3.4.0-3.json,,,,
tryton-modules-account_3.4.0-1.json,,,,
testrepository_0.0.20-1.json,,has_python2_module,has_python3_module,trove_python3
transaction_1.4.3-3.json,,has_python2_module,has_python3_module,trove_python3
tryton-modules-stock-location-sequence_3.4.0-1.json,,,,
trac-authopenid_0.4.7-1.json,,,,
twill_0.9-3.json,,has_python2_module,,
transifex-client_0.11.1-1.json,canidate,,,trove_python3
tryton-modules-account-invoice_3.4.0-1.json,,,,
tryton-modules-product-cost-fifo_3.4.0-1.json,,,,
targetcli_3.0+git0.7e32595e-2.json,,,,
trac-graphviz_0.7.5-1.json,,,,
tryton-modules-stock-product-location_3.4.0-1.json,,,,
tryton-modules-account-invoice-history_3.4.0-1.json,,,,
trac-spamfilter_0.2.1+svn6871-6.json,,,,
tryton-modules-ldap-authentication_3.4.0-1.json,,,,
tryton-modules-stock-forecast_3.4.0-1.json,,,,
tryton-modules-party-vcarddav_3.4.0-1.json,,,,
tryton-neso_3.4.0-1.json,,,,
tryton-modules-stock-supply-day_3.4.0-1.json,,,,
tryton-modules-project_3.4.0-1.json,,,,
tryton-modules-timesheet_3.4.0-1.json,,,,
tegaki-pygtk_0.3.1-1.json,,,,
tryton-proteus_3.4.0-1.json,,,,
tftpy_0.6.0-1.json,,has_python2_module,,
tryton-modules-company-work-time_3.4.0-1.json,,,,
tryton-modules-calendar_3.4.0-1.json,,,,
tryton-modules-company_3.4.0-1.json,,,,
telepathy-python_0.15.19-2.1.json,,,,
translate-toolkit_1.12.0+dfsg1-2.json,,,,
tryton-modules-account-be_3.4.0-1.json,,,,
turbogears2_2.1.5-2.json,,has_python2_module,,
tryton-modules-dashboard_3.4.0-1.json,,,,
trac-wikitablemacro_0.7785-1.1.json,,,,
tryton-modules-sale-opportunity_3.4.0-1.json,,,,
tryton-modules-stock_3.4.0-1.json,,,,
tryton-client_3.4.0-1.json,,,,
txzookeeper_0.9.8-1.json,,has_python2_module,,
tryton-modules-calendar-classification_3.4.0-1.json,,,,
twisted-web2_8.1.0-3.json,,,,
trac-accountmanager_0.4.3-2.json,,,,
tryton-modules-account-invoice-line-standalone_3.4.0-1.json,,,,
tryton-modules-purchase_3.4.0-1.json,,,,
transmissionrpc_0.11-1.json,,has_python2_module,has_python3_module,
tryton-modules-stock-inventory-location_3.4.0-1.json,,,,
tryton-modules-calendar-scheduling_3.4.0-1.json,,,,
tryton-modules-analytic-account_3.4.0-1.json,,,,
tweepy_2.3-1.json,,has_python2_module,,
tryton-modules-account-product_3.4.0-1.json,,,,
txlibravatar_1.1-10.json,,has_python2_module,,
tifffile_20140824-1.json,,has_python2_module,,
tryton-modules-analytic-sale_3.4.0-1.json,,,,
tegaki-python_0.3.1-1.json,,,,
tryton-modules-sale_3.4.0-1.json,,,,
turbojson_1.3.2-2.1.json,,has_python2_module,,
tryton-modules-stock-supply_3.4.0-1.json,,,,
tryton-modules-project-revenue_3.4.0-1.json,,,,
tegaki-tools_0.3.1-1.json,,,,
tryton-modules-google-maps_3.4.0-1.json,,,,
tryton-modules-product-cost-history_3.4.0-1.json,,,,
typogrify_1:2.0.7-1.json,,has_python2_module,has_python3_module,
tryton-modules-country_3.4.0-1.json,,,,
tryton-modules-calendar-todo_3.4.0-1.json,,,,
tegaki-train_0.3.1-1.json,,,,
tryton-modules-analytic-purchase_3.4.0-1.json,,,,
turbokid_1.0.5-1.json,,,,
tryton-modules-purchase-invoice-line-standalone_3.4.0-1.json,,,,
tryton-modules-account-statement_3.4.0-1.json,,,,
tryton-meta_27.json,,,,
tryton-modules-product-price-list_3.4.0-1.json,,,,
tryton-modules-analytic-invoice_1:3.4.0-1.json,,,,
tryton-modules-product_3.4.0-1.json,,,,
tvdb-api_1.9-1.json,,has_python2_module,,
trac-datefieldplugin_0.7782-3.1.json,,,,
tofu_0.5-6.json,,has_python2_module,,
tryton-modules-currency_3.4.0-1.json,,,,
tryton-modules-party_3.4.0-1.json,,,,
trac-mercurial_1.0.0.3+hg8df754d9b36a-1.1.json,,,,
tg.devtools_2.0.2-5.json,,has_python2_module,,
lazr.restfulclient_0.13.3-1.json,,has_python2_module,,
logilab-astng_0.24.3-2.json,,has_python2_module,has_python3_module,
lptools_0.2.0-2.json,,,,
logilab-common_0.62.0-1.json,,has_python2_module,has_python3_module,
lazyarray_0.1.0-1.json,canidate,has_python2_module,,trove_python3
louie_1.1-2.json,,has_python2_module,,
landslide_1.0.1-1.json,,has_python2_module,,
lio-utils_3.1+git2.fd0b34fd-2.json,,,,
llvm-py_0.12.6-1.json,canidate,has_python2_module,,trove_python3
llvm-py_0.12.7-2.json,canidate,has_python2_module,,trove_python3
lazr.uri_1.0.3-2.json,,has_python2_module,has_python3_module,trove_python3
logilab-constraint_0.5.0-2.json,,has_python2_module,,
lxml_3.4.2-1.json,,has_python2_module,has_python3_module,trove_python3
gamera_3.4.1+svn1423-4.json,,has_python2_module,,
gearman-interface_0.13.2-3.json,,has_python2_module,has_python3_module,
gst0.10-python_0.10.22-3.json,,has_python2_module,,
genetic_0.1.1b-11.json,,has_python2_module,,
greekocr4gamera_1.0.1-6.json,,has_python2_module,,
gyp_0.1~svn1729-3.json,,,,
galleryremote_0.6-1.1.json,,,,
graphy_1.0+dfsg-3.json,,,,
glitch_0.6-3.json,,has_python2_module,,
googlecl_0.9.13-2.json,,,,
glue_0.11.1-1.json,canidate,,,trove_python3
gnome-python_2.28.1+dfsg-1.1.json,,has_python2_module,,
genshi_0.7-3.json,,has_python2_module,has_python3_module,trove_python3
gnome-python-desktop_2.32.0+dfsg-3.json,,has_python2_module,,
gnome-python-extras_2.25.3-13.json,,has_python2_module,,
geopy_1.3.0-1.json,,has_python2_module,has_python3_module,trove_python3
git-review_1.24-2.json,,,,
gastables_0.3-2.2.json,,has_python2_module,,
glance_2014.1.3-12.json,,has_python2_module,,
liblarch_2.1.0-2.json,,has_python2_module,,
rtslib_3.0+git0.86e46bc6-5.json,,has_python2_module,,
rdflib_4.1.2-3.json,,has_python2_module,has_python3_module,trove_python3
routes_2.0-1.json,,has_python2_module,has_python3_module,trove_python3
rbtools_0.6.2-1.json,,has_python2_module,,
rpy2_2.5.6-1.json,canidate,has_python2_module,,trove_python3
rhn-client-tools_1.8.26-2.json,,,,
rhn-client-tools_1.8.26-4.json,,,,
rabbyt_0.8.1-1.json,,,,
rgain_1.3.3-1.json,,has_python2_module,,
relatorio_0.6.1-2.json,canidate,has_python2_module,,trove_python3
rpy_1.0.3-30.json,,has_python2_module,,
reinteract_0.5.0-6.json,,,,
relational_1.2-2.json,,has_python2_module,,
requests_2.4.3-6.json,,has_python2_module,has_python3_module,trove_python3
rfoo_1.3.0-2.json,,has_python2_module,,
rhnlib_2.5.55-2.json,,has_python2_module,,
kiwi_1.9.22-2.json,,,,
kiki_0.5.6-8.1.json,,,,
kaa-metadata_0.7.7+svn4596-4.json,,has_python2_module,,
kid_0.9.6-2.1.json,,,,
kaa-base_0.6.0+svn4596-1.json,,has_python2_module,,
kaa-imlib2_0.2.3+svn4596-2.json,,has_python2_module,,
kombu_3.0.21-2.json,,has_python2_module,has_python3_module,trove_python3
keystone_2014.1.3-6.json,,has_python2_module,,
mlpy_2.2.0~dfsg1-2.1.json,,has_python2_module,,
mako_1.0.0+dfsg-0.1.json,,has_python2_module,has_python3_module,trove_python3
matplotlib_1.3.1-2.json,,has_python2_module,has_python3_module,trove_python3
matplotlib_1.4.2-3.1.json,,has_python2_module,has_python3_module,trove_python3
modestmaps-py_1.3.1-1.json,,has_python2_module,,
mod-wsgi_4.3.0-1.json,canidate,,,trove_python3
mysql-connector-python_1.2.3-2.json,,has_python2_module,has_python3_module,
munkres_1.0.6-1.json,,has_python2_module,has_python3_module,
mdp_3.3-2.json,,has_python2_module,has_python3_module,trove_python3
markupsafe_0.23-1.json,,has_python2_module,has_python3_module,trove_python3
msnlib_3.8-1.json,,has_python2_module,,
mocker_1.0-2.json,,has_python2_module,,
mygpoclient_1.7-1.json,,has_python2_module,,
mutagen_1.25.1-1.json,,has_python2_module,has_python3_module,trove_python3
maptransfer_0.3-1.json,,,,
meliae_0.4.0+bzr199-1.json,,has_python2_module,,
meliae_0.4.0-5.json,,has_python2_module,,
mpi4py_1.3.1+hg20131106-2.json,,has_python2_module,has_python3_module,trove_python3
mpmath_0.19-1.json,,has_python2_module,has_python3_module,
migrate_0.9.1-1.json,,has_python2_module,,
mat_0.5.2-3.json,,,,
mumble-django_2.13-1.json,,has_python2_module,,
msgpack-python_0.4.2-1.json,,has_python2_module,has_python3_module,trove_python3
multipartposthandler_0.1.0-2.json,,has_python2_module,,
musicbrainzngs_0.5-2.json,,has_python2_module,has_python3_module,
alembic_0.6.5+ds-1.json,,has_python2_module,has_python3_module,trove_python3
authres_0.701-1.json,,has_python2_module,has_python3_module,trove_python3
audioread_1.0.3-1.json,,has_python2_module,has_python3_module,trove_python3
apipkg_1.0-1.1.json,,,,
actdiag_0.5.3-4.json,,has_python2_module,has_python3_module,
aafigure_0.5-4.json,,has_python2_module,,
argvalidate_0.9.0-2.json,,has_python2_module,,
agtl_0.8.0.3-1.json,,,,
zsi_2.1~a1-3.json,,,,
zc.lockfile_1.0.0-6.json,,has_python2_module,,
zope.security_4.0.1-1.json,,has_python2_module,has_python3_module,trove_python3
zope.cachedescriptors_3.5.1-2.json,,has_python2_module,,
zope.authentication_3.7.1-3.json,,has_python2_module,,
zope.publisher_3.12.6-2.json,,has_python2_module,,
zope.proxy_4.1.4-2.json,,has_python2_module,has_python3_module,trove_python3
zope.location_4.0.3-1.json,,has_python2_module,has_python3_module,trove_python3
zope.i18nmessageid_4.0.3-1.json,,has_python2_module,has_python3_module,trove_python3
zope.sqlalchemy_0.6.1-2.json,,has_python2_module,,
zope.interface_4.1.1-3.1.json,,has_python2_module,has_python3_module,trove_python3
zope.hookable_4.0.4-3.json,,has_python2_module,has_python3_module,trove_python3
zope.deprecation_4.1.1-3.json,,has_python2_module,has_python3_module,trove_python3
zope.component_4.2.1-2.json,,has_python2_module,has_python3_module,trove_python3
zope.dottedname_3.4.6-5.json,,has_python2_module,,
zodb_1:3.9.7-5.json,,has_python2_module,,
zfec_1.4.5-2.json,,,,
zope.browser_2.0.2-1.json,,has_python2_module,has_python3_module,trove_python3
zconfig_2.8.0-1.json,,,,
zope.event_4.0.3-2.json,,has_python2_module,has_python3_module,trove_python3
zope.exceptions_4.0.7-1.json,,has_python2_module,has_python3_module,trove_python3
zope.configuration_4.0.3-2.json,,has_python2_module,has_python3_module,trove_python3
zhpy_1.7.3.1-1.json,,,,
zope.schema_4.4.2-1.json,,has_python2_module,has_python3_module,trove_python3
zope.testing_4.1.3-2.json,,has_python2_module,has_python3_module,trove_python3
zope.testbrowser_4.0.2-1.json,,,,
winpdb_1.4.8-2.1.json,,,,
webtest_2.0.17-1.json,,has_python2_module,has_python3_module,trove_python3
weboob_1.0-3.json,,has_python2_module,,
web2py_1.99.7-1.json,,has_python2_module,,
wokkel_0.7.1-1.json,,has_python2_module,,
wtforms_2.0.1-1.json,canidate,has_python2_module,,trove_python3
wapiti_2.3.0+dfsg-1.json,,,,
webpy_1:0.37+20120626-1.json,,has_python2_module,,
webcolors_1.4-1.json,,has_python2_module,has_python3_module,
web2ldap_1.1.43~dfsg-1.json,,,,
yapps2_2.1.1-17.2.json,,,,
yum-metadata-parser_1.1.4-1.json,,has_python2_module,,
execnet_1.0.9-0.1.json,canidate,has_python2_module,,trove_python3
editobj_0.5.7-10.json,,has_python2_module,,
epsilon_0.7.0-2.json,,has_python2_module,,
elixir_0.7.1-2.json,,has_python2_module,,
etk.docking_0.2-1.json,,has_python2_module,,
elib.intl_0.0.3~git20110809-2.json,,,,
elementtidy_1.0-7.json,,,,
easyzone_1.2.2-1.json,,has_python2_module,,
episoder_0.7.1-1.json,,,,
epylog_1.0.7-2.json,,,,
empy_3.3.2-1.json,,has_python2_module,has_python3_module,
sphinxcontrib-blockdiag_1.5.0-1.1.json,,has_python2_module,has_python3_module,trove_python3
sugar-datastore-0.96_0.96.0-1.json,,has_python2_module,,
sqlkit_0.9.6.1-1.json,,has_python2_module,,
symeig_1.5-2.json,,,,
six_1.8.0-1.json,,has_python2_module,has_python3_module,trove_python3
scitools_0.9.0-2.json,,has_python2_module,,
squaremap_1:1.0.4-2.json,,has_python2_module,,
sugar-base-0.96_0.96.0-1.json,,has_python2_module,,
skimage_0.10.1-2.json,,has_python2_module,has_python3_module,trove_python3
sphinxcontrib-seqdiag_0.8.0-1.1.json,,has_python2_module,has_python3_module,trove_python3
scour_0.26-3.json,,has_python2_module,,
stsci.distutils_0.3.7-1.json,,has_python2_module,has_python3_module,
sympy_0.7.5-4.json,,has_python2_module,has_python3_module,trove_python3
simpletal_4.1-7.json,,,,
statsmodels_0.4.2-1.json,canidate,has_python2_module,,trove_python3
statsmodels_0.5.0+git13-g8e07d34-2.json,canidate,has_python2_module,,trove_python3
statsmodels_0.6.0~rc2-1.json,canidate,has_python2_module,,trove_python3
sqlparse_0.1.13-2.json,,has_python2_module,has_python3_module,trove_python3
sphinx_1.2.3+dfsg-1.json,,has_python2_module,has_python3_module,trove_python3
sorl-thumbnail_12.2-1.json,,has_python2_module,has_python3_module,trove_python3
sphinxcontrib-actdiag_0.8.0-1.1.json,,has_python2_module,has_python3_module,trove_python3
shedskin_0.9.4-1.json,,,,
sugar-datastore-0.88_0.88.0-4.json,,has_python2_module,,
sleekxmpp_1.0~beta5-2.json,,has_python2_module,has_python3_module,
sugar-base-0.84_0.84.2-4.json,,,,
sugar-datastore-0.84_0.84.1-3.1.json,,has_python2_module,,
strongwind_0.9-2.json,,has_python2_module,,
sugar-toolkit-0.84_0.84.17-1.json,,has_python2_module,,
suds_0.4.1-15.json,,has_python2_module,,
sourcecodegen_0.6.14-1.json,,has_python2_module,,
soya_0.15~rc1-10.json,,has_python2_module,,
sugar-base-0.88_0.88.0-4.json,,,,
sphinx-issuetracker_0.11-1.json,canidate,has_python2_module,,trove_python3
springpython_1.2.0+ds-2.json,,,,
spe_0.8.4.h-3.1.json,,,,
subvertpy_0.9.1-7.json,,has_python2_module,,
snakefood_1.4-1.json,,,,
sqlalchemy_0.9.8+dfsg-0.1.json,,has_python2_module,has_python3_module,trove_python3
snimpy_0.8.3-1.json,canidate,,,trove_python3
starpy_1.0.1.0.git.20140806-1.json,,has_python2_module,,
stepic_0.3-5.json,,has_python2_module,,
stdeb_0.8.2-4.json,,has_python2_module,has_python3_module,trove_python3
sugar-toolkit-gtk3_0.98.7-2.json,,has_python2_module,,
sqlobject_1.6.0-1.json,,has_python2_module,,
sciscipy_1.0.1-1.json,,has_python2_module,,
sugar-toolkit-0.96_0.96.3-1.json,,has_python2_module,,
screenkey_0.2-2.json,,,,
sugar-toolkit-0.88_0.88.1-4.json,,has_python2_module,,
simplegeneric_0.8.1-1.json,,has_python2_module,has_python3_module,
simplejson_3.6.5-1.json,,has_python2_module,has_python3_module,trove_python3
sepolgen_1.2.1-1.json,,has_python2_module,,
sprox_0.6.4-5.json,,has_python2_module,,
storm_0.19-1.json,,has_python2_module,,
seqdiag_0.9.3-4.json,,has_python2_module,has_python3_module,
sclapp_0.5.3-3.json,,has_python2_module,,
swiginac_1.5.1.1-1.json,,,,
simpleparse_2.1.0a1-6.json,,,,
sphinxcontrib-spelling_2.1.1-1.json,,has_python2_module,has_python3_module,
sparql-wrapper-python_1.6.0-2.json,,has_python2_module,has_python3_module,trove_python3
sphinxcontrib-nwdiag_0.9.0-1.1.json,,has_python2_module,has_python3_module,trove_python3
scikit-learn_0.15.2-2.json,canidate,has_python2_module,,trove_python3
scikit-learn_0.14.1-3.json,canidate,has_python2_module,,trove_python3
scikit-learn_0.15.2-3.json,canidate,has_python2_module,,trove_python3
smartypants_1.8.6-1.json,,has_python2_module,has_python3_module,trove_python3
dnspython3_1.11.1-1.json,,,has_python3_module,
django-openid-auth_0.5-2.1.json,,has_python2_module,,
dnspython_1.12.0-1.json,,has_python2_module,,
django-sekizai_0.7-2.json,,has_python2_module,has_python3_module,trove_python3
django-auth-ldap_1.2.2+dfsg-1.json,canidate,has_python2_module,,trove_python3
django-classy-tags_0.5.1-4.json,,has_python2_module,has_python3_module,trove_python3
django-filter_0.9.2-1.json,,has_python2_module,has_python3_module,trove_python3
django-adminaudit_0.3.3-1.json,,has_python2_module,,
django-tables_0.15.0-3.json,,has_python2_module,has_python3_module,
django-app-plugins_0.1.1-1.json,,,,
django-evolution_0.6.7-1.json,,has_python2_module,,
django-pipeline_1.4.7-1.json,,has_python2_module,has_python3_module,trove_python3
django-countries_2.1.2-1.json,,has_python2_module,has_python3_module,trove_python3
django-floppyforms_1.2.0-1.json,,has_python2_module,has_python3_module,trove_python3
dbf_0.88.16-1.json,,,,
dulwich_0.10.1-1.json,,has_python2_module,,
dulwich_0.9.8-1.json,,has_python2_module,,
dkimpy_0.5.4-1.json,,has_python2_module,has_python3_module,trove_python3
django-celery_3.1.16-1.json,,has_python2_module,has_python3_module,trove_python3
django-ajax-selects_1.3.6-3.json,,has_python2_module,has_python3_module,trove_python3
django-picklefield_0.3.1-2.json,,has_python2_module,has_python3_module,trove_python3
dipy_0.7.1-2.json,,has_python2_module,,
dreampie_1.2.1-2.json,,,,
django-extra-views_0.2.4-2.json,,has_python2_module,,
deap_1.0.1-3+deb8u1.json,,has_python2_module,has_python3_module,trove_python3
django-nose_1.2-3.json,,has_python2_module,has_python3_module,trove_python3
django-markupfield_1.2.1-2.json,,has_python2_module,has_python3_module,trove_python3
django-notification_0.1.5-3.json,,has_python2_module,,
d2to1_0.2.11-1.json,,has_python2_module,has_python3_module,
django-genshi_1.1.3-4.json,,,,
dajaxice_0.7-1.json,,has_python2_module,,
django-authority_0.5-2.json,canidate,has_python2_module,,trove_python3
django-threaded-multihost_1.3.2-2.json,,,,
drmaa_0.5-1.json,,has_python2_module,,
django-dajax_0.9.2-1.json,,has_python2_module,,
django-pagination_1.0.7-1.json,,has_python2_module,,
decoratortools_1.8-2.json,,,,
django-reversion_1.8.4-1.json,,has_python2_module,has_python3_module,trove_python3
django-tastypie_0.12.0-1.json,,has_python2_module,has_python3_module,trove_python3
xlwt_0.7.5+debian1-1.json,,has_python2_module,,
xdot_0.6-2.json,,,,
xpyb_1.3.1-1.json,,has_python2_module,,
xappy_0.5-5.json,,has_python2_module,,
xmlmarshaller_0.9.7+svn39722-2.json,,,,
van.pydeb_1.3.3-1.json,,has_python2_module,,
viper_1.0.0-1.json,,has_python2_module,,
vatnumber_1:1.2-3.json,,has_python2_module,has_python3_module,trove_python3
virtualenvwrapper_4.3.1-2.json,,,,
virtaal_0.7.1-1.json,,,,
vitables_2.1-1.json,,,,
faulthandler_2.0-2.json,canidate,has_python2_module,,trove_python3
ffc_1.5.0-3.json,,has_python2_module,,
flask-wtf_0.10.2-1.json,canidate,has_python2_module,,trove_python3
flufl.enum_4.0.1-1.json,,has_python2_module,has_python3_module,trove_python3
feedparser_5.1.3-3.json,,has_python2_module,has_python3_module,trove_python3
forgetsql_0.5.1-12.json,,,,
flufl.password_1.3-1.json,,has_python2_module,has_python3_module,trove_python3
freshen_0.2-2.json,,has_python2_module,,
flup_1.0.2-4.json,,has_python2_module,,
flufl.i18n_1.1.3-2.json,,has_python2_module,has_python3_module,trove_python3
ferari_1.0.0-1.json,,has_python2_module,,
flufl.lock_2.3.1-1.json,,has_python2_module,has_python3_module,trove_python3
fpconst_0.7.2-5.json,,has_python2_module,,
forgethtml_0.0.20031008-10.json,,,,
flask_0.10.1-2.json,,has_python2_module,has_python3_module,trove_python3
funcparserlib_0.3.6-4.json,,has_python2_module,has_python3_module,
fdsend_0.2.1-2.json,,,,
factory-boy_2.4.1-3.json,,has_python2_module,has_python3_module,trove_python3
flufl.bounce_2.3-1.json,,has_python2_module,has_python3_module,trove_python3
fibranet_10-3.1.json,,has_python2_module,,
fiat_1.5.0-1.json,,has_python2_module,,
foolscap_0.6.5-1.json,,has_python2_module,,
libavg_1.7.1-3.json,,has_python2_module,,
libavg_1.8.1-1.json,,has_python2_module,,
libextractor-python_1:0.6-4.json,,has_python2_module,,
ipdb_0.8-1.json,,has_python2_module,has_python3_module,trove_python3
ipython_2.3.0-2.json,,,,
ipy_1:0.81-1.json,,has_python2_module,has_python3_module,trove_python3
imdbpy_5.0-1.json,,has_python2_module,,
impacket_0.9.12-1.json,,has_python2_module,,
isodate_0.5.0-1.json,,has_python2_module,has_python3_module,trove_python3
inotifyx_0.2.0-1.json,,,,
imposm-parser_1.0.6-0.1.json,,has_python2_module,,
instant_1.5.0-1.json,,has_python2_module,,
